{
   "model1": {
      "bleu": 0.36500070905637577,
      "rougeL": 0.2827870175801239,
      "rouge1": 0.3909571098815823,
      "rouge2": 0.21921436159810453,
      "meteor": 0.4429902195252876,
      "codebertscore": 0.7995031561739867,
      "codebleu": 0.32890054635040633
   },
   "model2": {
      "bleu": 0.4244890257278745,
      "rougeL": 0.33069652495582835,
      "rouge1": 0.4354118579331572,
      "rouge2": 0.26553191940563375,
      "meteor": 0.4070466523549166,
      "codebertscore": 0.8246476464845663,
      "codebleu": 0.2718441291092668
   },
   "model3": {
      "bleu": 0.32760961446229747,
      "rougeL": 0.284771784906981,
      "rouge1": 0.3794709151460883,
      "rouge2": 0.2025773251314395,
      "meteor": 0.3286107404491533,
      "codebertscore": 0.7853998342485332,
      "codebleu": 0.24548590365912282
   }
}