{
   "model1": {
      "bleu": 0.36733978179003507,
      "rougeL": 0.2848723251044455,
      "rouge1": 0.39366823159080616,
      "rouge2": 0.2211486689702498,
      "meteor": 0.44280291237842523,
      "codebertscore": 0.800298833129398,
      "codebleu": 0.3281601979138669
   },
   "model2": {
      "bleu": 0.4243678246354678,
      "rougeL": 0.33069652495582835,
      "rouge1": 0.4354118579331572,
      "rouge2": 0.26553191940563375,
      "meteor": 0.4070466523549166,
      "codebertscore": 0.8246476464845663,
      "codebleu": 0.2746207979221923
   }
}