{
   "qwen2.5-coder-7b-instruct": {
      "bleu": 0.5574762681039431,
      "rougeL": 0.437186864642589,
      "rouge1": 0.5585344616286948,
      "rouge2": 0.38539001611425416,
      "meteor": 0.5117452020490078,
      "codebertscore": 0.8699325931112104,
      "codebleu": 0.37414877798515606
   },
   "yi-coder-9b-chat": {
      "bleu": 0.4364266575676836,
      "rougeL": 0.3404443602785126,
      "rouge1": 0.46000087686531926,
      "rouge2": 0.28663650600744295,
      "meteor": 0.44836804538804637,
      "codebertscore": 0.8330662330257455,
      "codebleu": 0.3387143682972325
   }
}